<?xml version="1.0"?>
<doc>
    <assembly>
        <name>TraceTool</name>
    </assembly>
    <members>
        <member name="T:TraceTool.WinTrace">
            <summary>
            WinTrace represent a windows tree where you put traces
            </summary>
        </member>
        <member name="F:TraceTool.WinTrace.Id">
            <summary>
            The "Required" Id of the window tree, can be any string, or a guid
            The Main window trace Id is empty
            </summary>
        </member>
        <member name="F:TraceTool.WinTrace.Tag">
            <summary>
            User variable, provided for the convenience of developers 
            </summary>
        </member>
        <member name="M:TraceTool.WinTrace.#ctor">
            <summary>
            WinTrace constructor : you can map a WinTrace to an existing window
            Nothing Is send to the viewer
            </summary>
        </member>
        <member name="M:TraceTool.WinTrace.#ctor(System.String,System.String)">
            <summary>
            WinTrace constructor. The Window Trace is create on the viewer (if not already done)
            </summary>
            <param name="WinTraceID">Required window trace Id. If empty, a guid will be generated</param>
            <param name="WinTraceText">The Window Title on the viewer.If empty, a default name will be used</param>
        </member>
        <member name="M:TraceTool.WinTrace.SaveToTextfile(System.String)">
            <summary>
            Save the window tree traces to a text file
            </summary>
            <param name="FileName">file to save</param>
        </member>
        <member name="M:TraceTool.WinTrace.SaveToXml(System.String)">
            <summary>
            Save the window tree traces to an XML file
            </summary>
            <param name="FileName">file to save</param>
        </member>
        <member name="M:TraceTool.WinTrace.LoadXml(System.String)">
            <summary>
            Load an XML file to the window tree traces
            </summary>
            <param name="FileName">file to open</param>
        </member>
        <member name="M:TraceTool.WinTrace.SetLogFile(System.String,System.Int32)">
            <summary>
            Set the log file.(Path is relative to the viewer)
            </summary>
            <param name="FileName">file to open</param>
            <param name="Mode"> 0 : Log is disabled. 1 : no limit.	2, daily file (with CCYYMMDD)</param>
        </member>
        <member name="M:TraceTool.WinTrace.DisplayWin">
            <summary>
            Show the window tree 
            </summary>
        </member>
        <member name="M:TraceTool.WinTrace.setMultiColumn">
            <summary>
            change the tree to display user defined multiple columns
            must be called before setting column titles. The first column is the main column 
            </summary>
        </member>
        <member name="M:TraceTool.WinTrace.setMultiColumn(System.Int32)">
            <summary>
            change the tree to display user defined multiple columns
            must be called before setting column titles
            </summary>
            <param name="MainColIndex">The Main column index (default is 0)</param>
        </member>
        <member name="M:TraceTool.WinTrace.setColumnsTitle(System.String)">
            <summary>
            set columns title
            </summary>
            <param name="Titles">Tab separated columns titles<br></br>
            Example : Title1 \t title2</param>
        </member>
        <member name="M:TraceTool.WinTrace.setColumnsWidth(System.String)">
            <summary>
            set columns widths
            </summary>
            <param name="Widths">Tab separated columns width. <br></br>
            The format for each column is width[:Min[:Max]] <br></br>
            where Min and Max are optional minimum and maximum column width for resizing purpose.<br></br>
            Example : 100:20:80 \t 200:50 \t 100
            </param>
        </member>
        <member name="M:TraceTool.WinTrace.ClearAll">
            <summary>
            Clear all trace for the window tree 
            </summary>
        </member>
        <member name="M:TraceTool.WinTrace.CreateResource(System.Int32,System.Int32,System.Int32,System.String)">
             <summary>
             Plugin API : Create a resource.
             </summary>
             <param name="ResId">The resource Id (must be >= 100)</param>
             <param name="ResType">Resource type. See TraceConst  
             <code>
             CST_RES_BUT_RIGHT    : Button on right
             CST_RES_BUT_LEFT     : Button on left
             CST_RES_LABEL_RIGHT  : Label on right
             CST_RES_LABELH_RIGHT : Label on right HyperLink
             CST_RES_LABEL_LEFT   : Label on left
             CST_RES_LABELH_LEFT  : Label on left hyperlink
             CST_RES_MENU_ACTION  : Item menu in the Actions Menu
             CST_RES_MENU_WINDOW  : Item menu in the Windows Menu. 
                                    Call CreateResource on the main win trace to create this menu item
             </code>
            </param>
             <param name="ResWidth">Width of the resource. Applicable only to button and labels</param>
             <param name="ResText">Resource text</param>
        </member>
        <member name="M:TraceTool.WinTrace.DisableResource(System.Int32)">
            <summary>
            Plugin API : Disable tracetool or user created resources
            </summary>
            <param name="ResId">The resource Id 
            ResId: resource id to disable. Tracetool resources :
            <code>
            CST_ACTION_CUT            : Cut. Same as copy then delete
            CST_ACTION_COPY           : Copy
            CST_ACTION_DELETE         : Delete selected
            CST_ACTION_SELECT_ALL     : Select all
            CST_ACTION_RESIZE_COLS    : Resize columns
            CST_ACTION_VIEW_INFO      : View trace info
            CST_ACTION_VIEW_PROP      : View properties
            CST_ACTION_PAUSE          : Pause
            CST_ACTION_SAVE           : SaveToFile
            CST_ACTION_CLEAR_ALL      : Clear all
            CST_ACTION_CLOSE_WIN      : Close win
            CST_ACTION_LABEL_INFO     : TracesInfo label
            CST_ACTION_LABEL_LOGFILE  : LabelLogFile label
            CST_ACTION_VIEW_MAIN      : View Main trace
            CST_ACTION_VIEW_ODS       : ODS
            CST_ACTION_OPEN_XML       : XML trace -> Tracetool XML traces
            CST_ACTION_EVENTLOG       : Event log
            CST_ACTION_TAIL           : Tail
            </code>
            </param>
        </member>
        <member name="M:TraceTool.WinTrace.SetTextResource(System.Int32,System.String)">
            <summary>
            Plugin API : Set the resource text (tracetool or user created resources), specified by his Id
            </summary>
            <param name="ResId">The resource Id </param>
            <param name="ResText">Resource text</param>
        </member>
        <member name="M:TraceTool.WinTrace.LinkToPlugin(System.String,System.Int32)">
            <summary>
            Plugin API : Attach a winTrace to a plugin. Many winTrace can be attached to a plugin.
            Note that a plugin don't need to be attached to a WinTrace.
            The plugin is identified by his internal name (not dll name).
            When linked, the plugin can receive event (see ITracePLugin).
            </summary>
            <param name="PluginName">name of the plugin</param>
            <param name="flags">combinaison of CST_PLUG_ONACTION , CST_PLUG_ONBEFOREDELETE , CST_PLUG_ONTIMER</param>
        </member>
        <member name="P:TraceTool.WinTrace.Warning">
            <summary>
            Warning, Error and Debug are the 3 doors to send traces
            <example> This sample shows how to send a sample trace.
            <code>
            TTrace.Error.Send ("Hello", "world") ;       // 2 columns
            TTrace.Warning.Send ("Hello") ;              // 1 columns
            TTrace.Debug.SendObject("MyObject" , this) ; // 1 columns + members tree
            </code>
            </example>
            </summary>
        </member>
        <member name="P:TraceTool.WinTrace.Error">
            <summary>
            Warning, Error and Debug are the 3 doors to send traces
            <example> This sample shows how to send a sample trace.
            <code>
            TTrace.Error.Send ("Hello", "world") ;       // 2 columns
            TTrace.Warning.Send ("Hello") ;              // 1 columns
            TTrace.Debug.SendObject("MyObject" , this) ; // 1 columns + members tree
            </code>
            </example>
            </summary>
        </member>
        <member name="P:TraceTool.WinTrace.Debug">
            <summary>
            Warning, Error and Debug are the 3 doors to send traces
            <example> This sample shows how to send a sample trace.
            <code>
            TTrace.Error.Send ("Hello", "world") ;       // 2 columns
            TTrace.Warning.Send ("Hello") ;              // 1 columns
            TTrace.Debug.SendObject("MyObject" , this) ; // 1 columns + members tree
            </code>
            </example>
            </summary>
        </member>
        <member name="T:TraceTool.WinWatch">
            <summary>
            WinWatch represent a windows tree where you put watches
            </summary>
        </member>
        <member name="F:TraceTool.WinWatch.Id">
            <summary>
            The "Required" Id of the window tree, can be any string, or a guid
            The Main window trace Id is empty
            </summary>
        </member>
        <member name="F:TraceTool.WinWatch.Enabled">
            <summary>
            When Enabled is false, all traces are disabled. Default is true.
            </summary>
        </member>
        <member name="F:TraceTool.WinWatch.Tag">
            <summary>
            User variable, provided for the convenience of developers 
            </summary>
        </member>
        <member name="M:TraceTool.WinWatch.#ctor">
            <summary>
            WinWatch constructor : you can map a WinWatch to an existing window
            Nothing Is send to the viewer
            </summary>
        </member>
        <member name="M:TraceTool.WinWatch.#ctor(System.String,System.String)">
            <summary>
            WinWatch constructor. The Window Watch is create on the viewer (if not already done)
            </summary>
            <param name="WinWatchID">Required window trace Id. If empty, a guid will be generated</param>
            <param name="WinWatchText">The Window Title on the viewer.If empty, a default name will be used</param>
        </member>
        <member name="M:TraceTool.WinWatch.DisplayWin">
            <summary>
            Put the window in foreground
            </summary>
        </member>
        <member name="M:TraceTool.WinWatch.ClearAll">
            <summary>
            Clear all the watches
            </summary>
        </member>
        <member name="M:TraceTool.WinWatch.Send(System.String,System.Object)">
            <summary>
            Send a watch
            </summary>
            <param name="WatchName">Watch name</param>
            <param name="WatchValue">Watch value</param>
        </member>
        <member name="T:TraceTool.FontDetail">
            <summary>
            Specify a font detail for traces columns items and members.
            </summary>
        </member>
        <member name="T:TraceTool.SendMode">
            2 ways to send traces : windows messages or socket messages. Under ASP, you must use Socket
        </member>
        <member name="F:TraceTool.SendMode.WinMsg">
            Windows message
        </member>
        <member name="F:TraceTool.SendMode.Socket">
            Socket message
        </member>
        <member name="T:TraceTool.TraceDisplayFlags">
            <summary>
            What information to display
            </summary>
        </member>
        <member name="F:TraceTool.TraceDisplayFlags.ShowModifiers">
            <summary>
            show modifiers (public class,...)
            </summary>
        </member>
        <member name="F:TraceTool.TraceDisplayFlags.ShowClassInfo">
            <summary>
            show class info (assembly,guid,...) and bases classes names
            </summary>
        </member>
        <member name="F:TraceTool.TraceDisplayFlags.ShowFields">
            <summary>
            show fields values
            </summary>
        </member>
        <member name="F:TraceTool.TraceDisplayFlags.ShowCustomAttributes">
            <summary>
            show custom attributes
            </summary>
        </member>
        <member name="F:TraceTool.TraceDisplayFlags.ShowNonPublic">
            <summary>
            show non public (private and protected) members
            </summary>
        </member>
        <member name="F:TraceTool.TraceDisplayFlags.ShowInheritedMembers">
            <summary>
            show Inherited members
            </summary>
        </member>
        <member name="F:TraceTool.TraceDisplayFlags.ShowEvents">
            <summary>
            show events (delegates)
            </summary>
        </member>
        <member name="F:TraceTool.TraceDisplayFlags.ShowMethods">
            <summary>
            show methods and constructors
            </summary>
        </member>
        <member name="F:TraceTool.TraceDisplayFlags.ShowDoc">
            <summary>
            show documenation for type, fields, methods,..
            </summary>
        </member>
        <member name="T:TraceTool.TraceConst">
            <summary>
            Define all const and windows functions used by the TraceTool namespace
            </summary>
        </member>
        <member name="F:TraceTool.TraceConst.WM_COPYDATA">
            <summary> the windows constant to use to send bloc of data across process </summary>
        </member>
        <member name="F:TraceTool.TraceConst.WMD">
            <summary> identification code 'traceTool'. Other code are discarded by the server </summary>
        </member>
        <member name="F:TraceTool.TraceConst.CST_ICO_DEFAULT">
            <summary> Use the default Icon on the gutter for the trace </summary>
        </member>
        <member name="F:TraceTool.TraceConst.CST_ICO_FORM">
            <summary> Use the 'form' Icon on the gutter for the trace </summary>
        </member>
        <member name="F:TraceTool.TraceConst.CST_ICO_COMPONENT">
            <summary> Use the 'component' Icon on the gutter for the trace </summary>
        </member>
        <member name="F:TraceTool.TraceConst.CST_ICO_CONTROL">
            <summary> Use the 'control' Icon on the gutter for the trace </summary>
        </member>
        <member name="F:TraceTool.TraceConst.CST_ICO_PROP">
            <summary> Use the 'property' Icon on the gutter for the trace </summary>
        </member>
        <member name="F:TraceTool.TraceConst.CST_ICO_MENU">
            <summary> Use the 'memu' Icon on the gutter for the trace </summary>
        </member>
        <member name="F:TraceTool.TraceConst.CST_ICO_MENU_ITEM">
            <summary> Use the 'menu item' Icon on the gutter for the trace </summary>
        </member>
        <member name="F:TraceTool.TraceConst.CST_ICO_COLLECT_ITEM">
            <summary> Use the 'Collection Item' Icon on the gutter for the trace </summary>
        </member>
        <member name="F:TraceTool.TraceConst.CST_ICO_WARNING">
            <summary> Use the 'warning' Icon on the gutter for the trace </summary>
        </member>
        <member name="F:TraceTool.TraceConst.CST_ICO_ERROR">
            <summary> Use the 'Error' Icon on the gutter for the trace </summary>
        </member>
        <member name="F:TraceTool.TraceConst.CST_ICO_INFO">
            <summary> Use the 'Info' Icon on the gutter for the trace </summary>
        </member>
        <member name="F:TraceTool.TraceConst.CST_PLUG_ONACTION">
            <summary> Ask to receive OnAction event </summary>
        </member>
        <member name="F:TraceTool.TraceConst.CST_PLUG_ONBEFOREDELETE">
            <summary>  Ask to receive OnBeforeDelete event </summary>
        </member>
        <member name="F:TraceTool.TraceConst.CST_PLUG_ONTIMER">
            <summary>  Ask to receive OnTimer event </summary>
        </member>
        <member name="F:TraceTool.TraceConst.CST_RES_BUT_RIGHT">
            <summary> Button on right</summary>
        </member>
        <member name="F:TraceTool.TraceConst.CST_RES_BUT_LEFT">
            <summary> Button on left</summary>
        </member>
        <member name="F:TraceTool.TraceConst.CST_RES_LABEL_RIGHT">
            <summary> Label on right</summary>
        </member>
        <member name="F:TraceTool.TraceConst.CST_RES_LABELH_RIGHT">
            <summary> Label on right HyperLink</summary>
        </member>
        <member name="F:TraceTool.TraceConst.CST_RES_LABEL_LEFT">
            <summary> Label on left</summary>
        </member>
        <member name="F:TraceTool.TraceConst.CST_RES_LABELH_LEFT">
            <summary> Label on left hyperlink</summary>
        </member>
        <member name="F:TraceTool.TraceConst.CST_RES_MENU_ACTION">
            <summary> Item menu in the Actions Menu</summary>
        </member>
        <member name="F:TraceTool.TraceConst.CST_RES_MENU_WINDOW">
            <summary> Item menu in the Windows Menu. Call CreateResource on the main win trace to create this menu item</summary>
        </member>
        <member name="F:TraceTool.TraceConst.CST_ACTION_CUT">
            <summary> Cut. Same as copy then delete </summary>
        </member>
        <member name="F:TraceTool.TraceConst.CST_ACTION_COPY">
            <summary> Copy </summary>
        </member>
        <member name="F:TraceTool.TraceConst.CST_ACTION_DELETE">
            <summary> Delete selected </summary>
        </member>
        <member name="F:TraceTool.TraceConst.CST_ACTION_SELECT_ALL">
            <summary> Select all </summary>
        </member>
        <member name="F:TraceTool.TraceConst.CST_ACTION_RESIZE_COLS">
            <summary> Resize columns </summary>
        </member>
        <member name="F:TraceTool.TraceConst.CST_ACTION_VIEW_INFO">
            <summary> View trace info </summary>
        </member>
        <member name="F:TraceTool.TraceConst.CST_ACTION_VIEW_PROP">
            <summary> View properties </summary>
        </member>
        <member name="F:TraceTool.TraceConst.CST_ACTION_PAUSE">
            <summary> Pause </summary>
        </member>
        <member name="F:TraceTool.TraceConst.CST_ACTION_SAVE">
            <summary> SaveToFile </summary>
        </member>
        <member name="F:TraceTool.TraceConst.CST_ACTION_CLEAR_ALL">
            <summary> Clear all </summary>
        </member>
        <member name="F:TraceTool.TraceConst.CST_ACTION_CLOSE_WIN">
            <summary> Close win </summary>
        </member>
        <member name="F:TraceTool.TraceConst.CST_ACTION_RESUME">
            <summary> Resume from Pause </summary>
        </member>
        <member name="F:TraceTool.TraceConst.CST_ACTION_LABEL_INFO">
            <summary> TracesInfo label </summary>
        </member>
        <member name="F:TraceTool.TraceConst.CST_ACTION_LABEL_LOGFILE">
            <summary> LabelLogFile label </summary>
        </member>
        <member name="F:TraceTool.TraceConst.CST_ACTION_VIEW_MAIN">
            <summary> View Main trace </summary>
        </member>
        <member name="F:TraceTool.TraceConst.CST_ACTION_VIEW_ODS">
            <summary> ODS </summary>
        </member>
        <member name="F:TraceTool.TraceConst.CST_ACTION_OPEN_XML">
            <summary> XML trace -> Tracetool XML traces </summary>
        </member>
        <member name="F:TraceTool.TraceConst.CST_ACTION_EVENTLOG">
            <summary> Event log </summary>
        </member>
        <member name="F:TraceTool.TraceConst.CST_ACTION_TAIL">
            <summary> Tail </summary>
        </member>
        <member name="F:TraceTool.TraceConst.CST_TREE_COLUMNWIDTH">
            <summary>
            Columns widths 
            </summary>
        </member>
        <member name="F:TraceTool.TraceConst.CST_USE_MULTICOL_TREE">
            <summary>
            same as CST_USE_TREE but the tree is multicolumn 
            </summary>
        </member>
        <member name="F:TraceTool.TraceConst.CST_TREE_MULTI_COLUMN">
            <summary>
            change the tree to display multiple column 
            </summary>
        </member>
        <member name="F:TraceTool.TraceConst.CST_TREE_COLUMNTITLE">
            <summary>
            change the columns titles 
            </summary>
        </member>
        <member name="F:TraceTool.TraceConst.CST_DISPLAY_TREE">
            <summary>
            display tree windows
            </summary>
        </member>
        <member name="F:TraceTool.TraceConst.CST_TREE_NAME">
            <summary>
             new name of the tree
            </summary>
        </member>
        <member name="F:TraceTool.TraceConst.CST_USE_TREE">
            <summary>
            the tree to use for other command
            </summary>
        </member>
        <member name="F:TraceTool.TraceConst.CST_TRACE_ID">
            <summary>
             the unique ID (from the server point of view) of the node (preferably a GUID)
            </summary>
        </member>
        <member name="F:TraceTool.TraceConst.CST_SHOW">
            <summary>
            The command to bring the trace tool to front
            </summary>
        </member>
        <member name="F:TraceTool.TraceConst.CST_ICO_INDEX">
            <summary>
            the index of the Icon to use (CST_ICO_INFO, CST_ICO_WARNING,...)
            </summary>
        </member>
        <member name="F:TraceTool.TraceConst.CST_CLEAR_ALL">
            <summary>
            The command to clear all nodes on the viewer
            </summary>
        </member>
        <member name="F:TraceTool.TraceConst.CST_WINWATCH_NAME">
            <summary>
            Watch Window name
            </summary>
        </member>
        <member name="F:TraceTool.TraceConst.CST_WINWATCH_ID">
            <summary>
            Watch Window ID
            </summary>
        </member>
        <member name="F:TraceTool.TraceConst.CST_WATCH_NAME">
            <summary>
            watch name
            </summary>
        </member>
        <member name="F:TraceTool.TraceConst.CST_WATCH_VALUE">
            <summary>
            watch value
            </summary>
        </member>
        <member name="F:TraceTool.TraceConst.CST_CLEAR_NODE">
            <summary>
            Delete the node on the viewer
            </summary>         
        </member>
        <member name="F:TraceTool.TraceConst.CST_CLEAR_SUBNODES">
            <summary>
            Delete children node on the viewer
            </summary>
        </member>
        <member name="F:TraceTool.TraceConst.CST_THREAD_ID">
            <summary>
            The Thread ID of the sender thread (optional)
            Used when tracing multiple thread (actived by default)
            </summary>
        </member>
        <member name="F:TraceTool.TraceConst.CST_PROCESS_NAME">
            <summary>
            The process name (optional).
            Used when tracing multiple process
            </summary>
        </member>
        <member name="F:TraceTool.TraceConst.CST_MESSAGE_TIME">
            <summary>
            The time of trace
            </summary>
        </member>
        <member name="F:TraceTool.TraceConst.CST_THREAD_NAME">
            <summary>
            Thread name (Java or user defined)
            </summary>summary>
        </member>
        <member name="F:TraceTool.TraceConst.CST_CREATE_MEMBER">
            <summary>
            Command to create a member for the current trace node
            the text of the first member column is the first parameter
            </summary>
        </member>
        <member name="F:TraceTool.TraceConst.CST_MEMBER_FONT_DETAIL">
            <summary>
            Member Font detail : ColId Bold Italic Color(BGR) size  Fontname
            </summary>
        </member>
        <member name="F:TraceTool.TraceConst.CST_MEMBER_COL2">
            <summary>
            The text of the second member column
            </summary>
        </member>
        <member name="F:TraceTool.TraceConst.CST_MEMBER_COL3">
            <summary>
            The text of the third member column
            </summary>
        </member>
        <member name="F:TraceTool.TraceConst.CST_ADD_MEMBER">
            <summary>
            Add the member. 
            Close the previous CST_CREATE_MEMBER
            </summary>
        </member>
        <member name="F:TraceTool.TraceConst.CST_NEW_NODE">
            <summary>
            Command to create a new trace node
            </summary>
        </member>
        <member name="F:TraceTool.TraceConst.CST_LEFT_MSG">
            <summary>
            The left message ("traces column")
            </summary>
        </member>
        <member name="F:TraceTool.TraceConst.CST_RIGHT_MSG">
            <summary>
            the right message ("Comment column")
            </summary>
        </member>
        <member name="F:TraceTool.TraceConst.CST_SELECT_NODE">
            <summary>
            set the node as 'Selected' by the user
            </summary>
        </member>
        <member name="F:TraceTool.TraceConst.CST_USE_NODE">
            <summary>
            use an existing node 
            </summary>           
        </member>
        <member name="F:TraceTool.TraceConst.CST_APPEND_LEFT_MSG">
            <summary>
            The left message to append to "traces column"
            </summary>
        </member>
        <member name="F:TraceTool.TraceConst.CST_APPEND_RIGHT_MSG">
            <summary>
            The right message to append to "Comment column"
            </summary>
        </member>
        <member name="F:TraceTool.TraceConst.CST_FOCUS_NODE">
            <summary>
            Focus to the node
            </summary>
        </member>
        <member name="F:TraceTool.TraceConst.CST_SAVETOTEXT">
            <summary>
            Save to text file
            </summary>
        </member>
        <member name="F:TraceTool.TraceConst.CST_SAVETOXML">
            <summary>
            Save to XML file
            </summary>
        </member>
        <member name="F:TraceTool.TraceConst.CST_LOADXML">
            <summary>
            Load XML file
            </summary>
        </member>
        <member name="F:TraceTool.TraceConst.CST_LOGFILE">
            <summary>
            set the log file
            </summary>
        </member>
        <member name="F:TraceTool.TraceConst.CST_LINKTOPLUGIN">
            <summary>
            link a wintrace to a plugin
            </summary>
        </member>
        <member name="F:TraceTool.TraceConst.CST_CREATE_RESOURCE">
            <summary>
            create a resource on a wintrace
            </summary>
        </member>
        <member name="F:TraceTool.TraceConst.CST_SET_TEXT_RESOURCE">
            <summary>
            set the text resource
            </summary>
        </member>
        <member name="F:TraceTool.TraceConst.CST_DISABLE_RESOURCE">
            <summary>
            disable a resource
            </summary>
        </member>
        <member name="F:TraceTool.TraceConst.CST_FONT_DETAIL">
            <summary>
            Font detail : ColId Bold Italic Color(BGR) size  Fontname
            </summary>
        </member>
        <member name="F:TraceTool.TraceConst.CST_FLUSH">
            <summary>
            Flush remaining traces to server
            </summary>
        </member>
        <member name="T:TraceTool.COPYDATASTRUCT">
            <summary>
            The windows structure to send data to another process
            </summary>
        </member>
        <member name="F:TraceTool.COPYDATASTRUCT.dwData">
            <summary>
            The identifiant of the message (checked at destination)
            </summary>
        </member>
        <member name="F:TraceTool.COPYDATASTRUCT.cbData">
            <summary>
            The number of byte to send
            </summary>
        </member>
        <member name="F:TraceTool.COPYDATASTRUCT.lpData">
            <summary>
            The message to send
            </summary>
        </member>
        <member name="T:TraceTool.Helper">
            <summary>
            Define all windows functions used by the TraceTool namespace
            </summary>
        </member>
        <member name="M:TraceTool.Helper.SendMessage(System.Int32,System.UInt32,System.Int32,TraceTool.COPYDATASTRUCT@)">
            <summary>
            The windows function that send a message to a windows handle
            </summary>
        </member>
        <member name="M:TraceTool.Helper.PostMessage(System.IntPtr,System.Int32,System.Int32,System.Int32)">
            <summary>
            The windows function that send a message to a windows handle
            </summary>
        </member>
        <member name="M:TraceTool.Helper.FindWindow(System.String,System.String)">
            <summary>
            The windows function that search a windows 
            </summary>
        </member>
        <member name="M:TraceTool.Helper.GetCurrentThreadId">
            <summary>
            Return the current thread id (Win Ce / win 32)
            </summary>
        </member>
        <member name="M:TraceTool.Helper.GetCurrentProcessName">
            <summary>
            Return the current process name with path (Win Ce / win 32)
            </summary>
        </member>
        <member name="M:TraceTool.Helper.NewGuid">
            <summary>
            Return a new System.Guid object.
            </summary>
        </member>
        <member name="T:TraceTool.TTraceListener">
            <summary>
            TTraceListener is the trace listener, if you want to use the classic Microsoft Trace class.
            </summary>
        </member>
        <member name="F:TraceTool.TTraceListener.listener">
            <summary>
            Specify at any time what is top node that receive the traces
            </summary>
        </member>
        <member name="M:TraceTool.TTraceListener.#ctor">
            <summary>
            Create a listener. TTrace.Debug is used to send traces
            </summary>
        </member>
        <member name="M:TraceTool.TTraceListener.#ctor(TraceTool.TraceNode)">
            <summary>
            Create a listener giving a TraceNode as the parent node.
            </summary>
            <param name="TraceDoor">Specify Debug,Warning,Error or user TraceNode object</param>
        </member>
        <member name="M:TraceTool.TTraceListener.Write(System.String)">
            <summary>
            Send message to TTrace
            </summary>
            <param name="message">the message</param>
        </member>
        <member name="M:TraceTool.TTraceListener.WriteLine(System.String)">
            <summary>
            Send message to TTrace
            </summary>
            <param name="message">the message</param>
        </member>
        <member name="M:TraceTool.TTraceListener.WriteIndent">
            <summary>
            Force creation of new trace node
            </summary>
        </member>
        <member name="P:TraceTool.TTraceListener.CurrentNode">
            <summary>
            the current node (read only)
            </summary>
        </member>
        <member name="T:TraceTool.ITracePLugin">
            <summary>
            Plugin interface. Inherit from this interface to create a TraceTool plugin
            </summary>
        </member>
        <member name="M:TraceTool.ITracePLugin.GetPlugName">
            <summary>
            Get the plugin name
            </summary>
        </member>
        <member name="M:TraceTool.ITracePLugin.OnAction(System.String,System.Int32,System.String)">
            <summary>
            Called when the user click on a button, label or menu on a WinTrace.
            The plugin must call WinTrace.LinkToPlugin in order to receive this event
            </summary>
            <param name="WinId">Wintrace Id</param>
            <param name="ResourceId">Resource Id</param>
            <param name="NodeId">Node id of the current selected trace (can be empty)</param>
            <returns>
             when true  : tracetool perform the default action
             when false : tracetool don't perform any action
            </returns>
        </member>
        <member name="M:TraceTool.ITracePLugin.OnBeforeDelete(System.String,System.String)">
            <summary>
            Called when a node is to be deleted on a WinTrace
            The plugin must call WinTrace.LinkToPlugin in order to receive this event
            </summary>
            <param name="WinId">Wintrace Id</param>
            <param name="NodeId">Node Id</param>
            <returns> 
             when true  : tracetool delete the node
             when false : tracetool don't delete the node
            </returns>
        </member>
        <member name="M:TraceTool.ITracePLugin.OnTimer">
            <summary>
            Called every 500 ms. Can be used for example to refresh labels
            The plugin must call LinkToPlugin in order to receive this event
            </summary>
        </member>
        <member name="M:TraceTool.ITracePLugin.Start">
            <summary>
            Initialise the plugin
            </summary>
        </member>
        <member name="M:TraceTool.ITracePLugin.Stop">
            <summary>
            Stop the plugin
            </summary>
        </member>
        <member name="T:TraceTool.TraceNodeEx">
            <summary> Alternate way to send traces : prepare a TraceNode with all properties then send it.   
            </summary>                                                         
        </member>
        <member name="T:TraceTool.TraceNode">
            <summary>
            TraceNode class : That class perform the formating of the message to send.
            This class is a nice sample on how to use system.reflection
            Nothing is send by this class (it's TTrace class job)
            The constructor is internal : Instances can be created only by this assembly.
            Use the TTrace or TraceNodeEx as an entry point. 
            </summary>
        </member>
        <member name="F:TraceTool.TraceNode.Id">
            <summary>
            The unique ID. Normally it's a GUID, but can be replaced by something else for interprocess traces.
            </summary>
        </member>
        <member name="F:TraceTool.TraceNode.Enabled">
            <summary>
            When Enabled is false, all traces are disabled. Default is true.
            All node have a Enabled property, that lets you define group of Enabled trace.
            For example set the TTrace.Debug.enabled to false but continue to accept Error and Warning traces
            </summary>
        </member>
        <member name="F:TraceTool.TraceNode.IconIndex">
            <summary>
            The index of the icon to use. You can then show an icon for Warning traces different for Error traces
            </summary>
        </member>
        <member name="F:TraceTool.TraceNode.Members">
            <summary>
            the root for the Member tree
            </summary>
        </member>
        <member name="F:TraceTool.TraceNode.WinTrace">
            <summary>
            The parent win tree 
            </summary>
        </member>
        <member name="F:TraceTool.TraceNode.Tag">
            <summary>
            User variable, provided for the convenience of developers 
            </summary>
        </member>
        <member name="M:TraceTool.TraceNode.#ctor(TraceTool.TraceNode,System.Boolean)">
            <summary>
            Internal constructor. Use TTrace or TraceNodeEx class as entry point
            create a Node with an unique ID (true)
            </summary>
            <param name="ParentNode">The parent node where to place that trace.
            The IconIndex and the enabled properties are also recopied
            Can be null : the root tree become the parent node, enabled is true and the default icon is used 
            </param>
            <param name="generateUniqueId">When true, a unique ID (a guid) is generated for the trace.  
            </param>
        </member>
        <member name="M:TraceTool.TraceNode.ToString">
            <summary>
            return the node id
            </summary>
        </member>
        <member name="M:TraceTool.TraceNode.Send(System.String)">
            <summary>
            The most useful function to send trace
            <example> This sample shows how to send a sample trace.
            <code>
            TTrace.Debug.Send ("Hello world") ;
            </code>
            <code>
            TraceNode FirstNode ;
            FirstNode = TTrace.Debug.Send ("Hello") ;
            FirstNode.Send ("World") ;   // add a second node under the first one
            </code>
            </example>
            </summary>
            <param name="leftMsg">The message to display in the 'traces' column</param>
            <returns></returns>
        </member>
        <member name="M:TraceTool.TraceNode.Send(System.String,System.String)">
            <summary>
            Send a trace specifying the text for 2 columns
            <example> This sample shows how to send a sample trace.
            <code>
            TTrace.Debug.Send ("Hello", "world") ;  // 2 columns trace
            </code>
            </example>
            </summary>
            <param name="leftMsg">The message in the "traces" column</param>
            <param name="rightMsg">The message in the "Comment" column</param>
            <returns></returns>
        </member>
        <member name="M:TraceTool.TraceNode.SendObject(System.String,System.Object)">
            <summary>
            Send a 'reflected' representation of the given object 
            </summary>
            <param name="leftMsg">the message to display</param>
            <param name="ObjToSend">The object to inspect</param>
            <returns></returns>
        </member>
        <member name="M:TraceTool.TraceNode.SendObject(System.String,System.Object,TraceTool.TraceDisplayFlags)">
            <summary>
            Send a 'reflected' representation of the given object 
            </summary>
            <param name="leftMsg">the message to display</param>
            <param name="ObjToSend">The object to inspect</param>
            <param name="flags">what information to display</param>
            <returns></returns>
        </member>
        <member name="M:TraceTool.TraceNode.SendValue(System.String,System.Object)">
            <summary>
            Send the Value of the given object (useful for base type, variant and array)
            properties and array content are also inspected with a maximum
            </summary>
            <param name="leftMsg">the message to display</param>
            <param name="ObjToSend">The object to show</param>
            <returns></returns>
        </member>
        <member name="M:TraceTool.TraceNode.SendValue(System.String,System.Object,System.Boolean)">
            <summary>
            Send the Value of the given object (useful for base type, variant and array)
            </summary>
            <param name="leftMsg">the message to display</param>
            <param name="ObjToSend">The object to show</param>
            <param name="sendPrivate">Send Private fields (default is false)</param>
            <returns></returns>
        </member>
        <member name="M:TraceTool.TraceNode.SendValue(System.String,System.Object,System.Boolean,System.Int32)">
            <summary>
            Send the Value of the given object (useful for base type, variant and array)
            </summary>
            <param name="leftMsg">the message to display</param>
            <param name="ObjToSend">The object to show</param>
            <param name="sendPrivate">Send Private fields (default is false)</param>
            <param name="maxLevel">Max level to inspect (default is 3)</param>
            <returns></returns>
        </member>
        <member name="M:TraceTool.TraceNode.SendValue(System.String,System.Object,System.Boolean,System.Int32,System.String)">
            <summary>
            Send the Value of the given object (useful for base type, variant and array)
            </summary>
            <param name="leftMsg">the message to display</param>
            <param name="ObjToSend">The object to show</param>
            <param name="sendPrivate">Send Private fields (default is false)</param>
            <param name="maxLevel">Max level to inspect (default is 3)</param>
            <param name="objTitle">Title of the object</param>
            <returns></returns>
        </member>
        <member name="M:TraceTool.TraceNode.SendType(System.String,System.Type)">
            <summary>
            Send a 'reflected' representation of the given type 
            </summary>
            <param name="leftMsg">The message to display</param>
            <param name="oType">The type to inspect</param>
            <returns></returns>
        </member>
        <member name="M:TraceTool.TraceNode.SendType(System.String,System.Type,TraceTool.TraceDisplayFlags)">
            <summary>
            Send a 'reflected' representation of the given type 
            </summary>
            <param name="leftMsg">The message to display</param>
            <param name="oType">The type to inspect</param>
            <param name="flags">flags to limit information to send</param>
            <returns></returns>
        </member>
        <member name="M:TraceTool.TraceNode.SendStack(System.String,System.Int32)">
            <summary>
            Send the stack frames. 
            </summary>
            <param name="leftMsg">Trace message</param>
            <param name="level">Number of call to skip</param>
            <returns></returns>
        </member>
        <member name="M:TraceTool.TraceNode.SendCaller(System.String,System.Int32)">
            <summary>
            Send the caller frame.
            </summary>
            <param name="leftMsg">Trace message</param>
            <param name="level">Level 0 is self</param>
            <returns></returns>
        </member>
        <member name="M:TraceTool.TraceNode.SendDump(System.String,System.String,System.Byte[],System.Int32)">
            <summary>
            Send byte dump.
            </summary>
            <param name="leftMsg">Trace message</param>
            <param name="ShortTitle">Tite to display in the first col</param>
            <param name="adr">Pointer to the buffer to dump</param>
            <param name="count">Number of byte to dump</param>
            <returns></returns>
        </member>
        <member name="M:TraceTool.TraceNode.Resend(System.String,System.String)">
            <summary>
            Resend the trace to the server (only left and right message)
            </summary>
        </member>
        <member name="M:TraceTool.TraceNode.ResendLeft(System.String)">
            <summary>
            ReSend left trace to the server 
            </summary>
        </member>
        <member name="M:TraceTool.TraceNode.SetFontDetail(System.Int32,System.Boolean)">
            <summary>
            Change font detail for an item in the trace
            </summary>
            <param name="ColId">Column index : Icon=0, Time=1, thread=2, left msg=3, right msg =4 or user defined column</param>
            <param name="Bold">Change font to bold</param>
            <returns></returns>
        </member>
        <member name="M:TraceTool.TraceNode.SetFontDetail(System.Int32,System.Boolean,System.Boolean)">
            <summary>
            Change font detail for an item in the trace
            </summary>
            <param name="ColId">Column index : Icon=0, Time=1, thread=2, left msg=3, right msg =4 or user defined column</param>
            <param name="Bold">Change font to bold</param>
            <param name="Italic">Change font to Italic</param>
            <returns></returns>
        </member>
        <member name="M:TraceTool.TraceNode.SetFontDetail(System.Int32,System.Boolean,System.Boolean,System.Int32)">
            <summary>
            Change font detail for an item in the trace
            </summary>
            <param name="ColId">Column index : Icon=0, Time=1, thread=2, left msg=3, right msg =4 or user defined column</param>
            <param name="Bold">Change font to bold</param>
            <param name="Italic">Change font to Italic</param>
            <param name="Color">Change Color. To reduce the number assembly reference, the Color structure is not used. Use YourColor.ToArgb() instead. </param>
            <returns></returns>
        </member>
        <member name="M:TraceTool.TraceNode.SetFontDetail(System.Int32,System.Boolean,System.Boolean,System.Int32,System.Int32)">
            <summary>
            Change font detail for an item in the trace
            </summary>
            <param name="ColId">Column index : Icon=0, Time=1, thread=2, left msg=3, right msg =4 or user defined column</param>
            <param name="Bold">Change font to bold</param>
            <param name="Italic">Change font to Italic</param>
            <param name="Color">Change Color. To reduce the number assembly reference, the Color structure is not used. Use YourColor.ToArgb() instead. Use -1 to keep default color</param>
            <param name="Size">Change font size</param>
            <returns></returns>
        </member>
        <member name="M:TraceTool.TraceNode.SetFontDetail(System.Int32,System.Boolean,System.Boolean,System.Int32,System.Int32,System.String)">
            <summary>
            Change font detail for an item in the trace
            </summary>
            <param name="ColId">Column index : Icon=0, Time=1, thread=2, left msg=3, right msg =4 or user defined column</param>
            <param name="Bold">Change font to bold</param>
            <param name="Italic">Change font to Italic</param>
            <param name="Color">Change Color. To reduce the number assembly reference, the Color structure is not used. Use YourColor.ToArgb() instead. Use -1 to keep default color</param>
            <param name="Size">Change font size, use zero to keep normal size</param>
            <param name="FontName">Change font name</param>
            <returns></returns>
        </member>
        <member name="M:TraceTool.TraceNode.ResendRight(System.String)">
            <summary>
            ReSend right trace to the server 
            </summary>
        </member>
        <member name="M:TraceTool.TraceNode.Append(System.String,System.String)">
            <summary>
            append right and left texts to an existing node
            </summary>
        </member>
        <member name="M:TraceTool.TraceNode.AppendLeft(System.String)">
            <summary>
            append left text to an existing node
            </summary>
        </member>
        <member name="M:TraceTool.TraceNode.AppendRight(System.String)">
            <summary>
            append right text to an existing node
            </summary>
        </member>
        <member name="M:TraceTool.TraceNode.Show">
            <summary>
            Show the node in the tree (not means selected, just visible in the tree)
            </summary>
        </member>
        <member name="M:TraceTool.TraceNode.SetSelected">
            <summary>
            Select the node in the viewer
            </summary>
        </member>
        <member name="M:TraceTool.TraceNode.Delete">
            <summary>
            Delete the node
            </summary>
        </member>
        <member name="M:TraceTool.TraceNode.DeleteChildren">
            <summary>
            Delete children node
            </summary>
        </member>
        <member name="M:TraceTool.TraceNode.Indent(System.String)">
            Send a message. further trace to the same node are indented under this one. 
            @param leftMsg Left message to send
        </member>
        <member name="M:TraceTool.TraceNode.Indent(System.String,System.String)">
            Send a message. further trace to the same node are indented under this one. 
            @param leftMsg Left message to send
            @param rightMsg Right message to send
        </member>
        <member name="M:TraceTool.TraceNode.UnIndent">
            Delete indentation to the node added by indent() 
        </member>
        <member name="M:TraceTool.TraceNode.UnIndent(System.String)">
            Delete indentation to the node added by indent() 
            @param leftMsg Message to send to close indentation (optional)
        </member>
        <member name="M:TraceTool.TraceNode.UnIndent(System.String,System.String)">
            Delete indentation to the node added by indent() 
            @param leftMsg Message to send to close indentation (optional)
        </member>
        <member name="M:TraceTool.TraceNode.prepareNewNode(System.String,System.String)">
            Prepare the commandList. Common to all SendXXX function 
        </member>
        <member name="M:TraceTool.TraceNode.GetLastContext">
            Get the last context.
            @return last context for the thread
        </member>
        <member name="M:TraceTool.TraceNode.GetLastContextId">
            Get the last context ID.
            @return last context ID for the thread
        </member>
        <member name="M:TraceTool.TraceNode.PushContext(TraceTool.NodeContext)">
            Save the context
            @param newContext the context to push
        </member>
        <member name="M:TraceTool.TraceNode.DeleteLastContext">
            Delete the last context for the thread
        </member>
        <member name="F:TraceTool.TraceNode.SendObjectRecursiveStatus">
            <summary>
            SendObjectRecursiveStatus is used to block recursive call to AddTypeObject
            since AddTypeObject will try to evaluate field GET method.
            If the GET method call AddObject or similar function, 
            we have a possible recursive call (with stack overflow). 
            </summary>
        </member>
        <member name="M:TraceTool.TraceNode.AddTypeObject(System.Object,System.Type,TraceTool.TraceDisplayFlags)">
            fill the Members member with a type description and optional values of that type
        </member>
        <member name="M:TraceTool.TraceNode.AddDocumentation(System.Object,TraceTool.TMemberNode,System.Type,System.Reflection.MemberInfo)">
            <summary>
            add documentation for a type or a member
            </summary>
            
        </member>
        <member name="M:TraceTool.TraceNode.displayCustomAttrib(TraceTool.TMemberNode,System.Object[])">
            add the attributes stored in the given parameter to the submembers
        </member>
        <member name="M:TraceTool.TraceNode.addAllFieldsValue(System.Object,System.Type,TraceTool.TMemberNode,System.Boolean,System.Int32,System.Collections.Hashtable)">
            Display all fields (with corresponding value) of the type
            Called by AddValue(), not by AddObject()
        </member>
        <member name="M:TraceTool.TraceNode.addProperties(System.Object,System.Type,TraceTool.TMemberNode,System.Boolean,System.Int32,System.Collections.Hashtable)">
            Display all properties (with corresponding value, if any) of the type
            Called by AddValue(), not by AddObject()
        </member>
        <member name="M:TraceTool.TraceNode.DisplayBases(System.Type,TraceTool.TraceDisplayFlags)">
            show the type with its interfaces, and base classes. 
        </member>
        <member name="M:TraceTool.TraceNode.DisplayNestedTypes(System.Type,System.Object,TraceTool.TraceDisplayFlags)">
            show nested type names (not the content)
        </member>
        <member name="M:TraceTool.TraceNode.DisplayFields(System.Object,System.Type,System.Object,TraceTool.TraceDisplayFlags)">
            Display all fields (with corresponding value) of the type
            Called by AddObject(), not by AddValue()
        </member>
        <member name="M:TraceTool.TraceNode.DisplayProperties(System.Object,System.Type,System.Object,TraceTool.TraceDisplayFlags)">
            Display all properties (with corresponding value, if any) of the type
            Called by AddObject(), not by AddValue()
        </member>
        <member name="M:TraceTool.TraceNode.DisplayConstructors(System.Object,System.Type,System.Object,TraceTool.TraceDisplayFlags)">
            display all Constructors of a type
        </member>
        <member name="M:TraceTool.TraceNode.DisplayMethods(System.Object,System.Type,System.Object,TraceTool.TraceDisplayFlags)">
            display all Methods of a type
            Note that Operators are method but will be displayed in a separate group
        </member>
        <member name="M:TraceTool.TraceNode.DisplayEvents(System.Object,System.Type,System.Object,TraceTool.TraceDisplayFlags)">
            display all Events of a type
        </member>
        <member name="M:TraceTool.TraceNode.AddStackTrace(System.Int32)">
            display the call stack 
        </member>
        <member name="M:TraceTool.TraceNode.AddCaller(System.Int32)">
            display the caller stack information. It's like the call stack, but display only 1 line
            Level 0 is self
        </member>
        <member name="M:TraceTool.TraceNode.AddDump(System.String,System.Byte[],System.Int32,System.Int32)">
            add byte dump to the Members 
        </member>
        <member name="M:TraceTool.TraceNode.addCommand(System.Collections.ArrayList,System.Int32)">
            code only
        </member>
        <member name="M:TraceTool.TraceNode.addCommand(System.Collections.ArrayList,System.Int32,System.Int32)">
            code + int
        </member>
        <member name="M:TraceTool.TraceNode.addCommand(System.Collections.ArrayList,System.Int32,System.String)">
            code + string
        </member>
        <member name="M:TraceTool.TraceNode.addCommand(System.Collections.ArrayList,System.Int32,System.Int32,System.String)">
            code + int + string
        </member>
        <member name="F:TraceTool.TraceNodeEx.ParentNodeId">
            <summary>
            The Id of the parent node
            </summary>
        </member>
        <member name="F:TraceTool.TraceNodeEx.LeftMsg">
            <summary>
            The left part of the tree message
            </summary>
        </member>
        <member name="F:TraceTool.TraceNodeEx.RightMsg">
            <summary>
            The right part of the tree message
            </summary>
        </member>
        <member name="F:TraceTool.TraceNodeEx.time">
            <summary>
            time
            </summary>
        </member>
        <member name="F:TraceTool.TraceNodeEx.threadName">
            <summary>
            thread name
            </summary>
        </member>
        <member name="M:TraceTool.TraceNodeEx.#ctor(TraceTool.TraceNode)">
            <summary>
            create a Node with an unique ID (true)
            </summary>
            <param name="ParentNode">The parent node where to place that trace.
            The IconIndex and the enabled properties are also recopied
            Can be null : the root tree become the parent node, enabled is true and the default icon is used 
            </param>
        </member>
        <member name="M:TraceTool.TraceNodeEx.#ctor">
            <summary>
            create a Node with an unique ID
            </summary>
        </member>
        <member name="M:TraceTool.TraceNodeEx.ToString">
            <summary>
            return the node id
            </summary>
        </member>
        <member name="M:TraceTool.TraceNodeEx.AddObject(System.Object)">
            <summary>
            Call AddObject to fill the "member" tree with the object description
            </summary>
            <param name="ObjToSend"></param>
        </member>
        <member name="M:TraceTool.TraceNodeEx.AddObject(System.Object,TraceTool.TraceDisplayFlags)">
            <summary>
            Call AddObject to fill the "member" tree with the object description
            </summary>
            <param name="ObjToSend">Object to send</param>
            <param name="flags">determine what infrmation to send</param>
        </member>
        <member name="M:TraceTool.TraceNodeEx.AddValue(System.Object)">
            <summary>
            Call AddValue to fill the "member" tree with the object value. Usefull for Variant and array
            </summary>
            <param name="ObjToSend">Object to send</param>
        </member>
        <member name="M:TraceTool.TraceNodeEx.AddValue(System.Object,System.Boolean)">
            <summary>
            Call AddValue to fill the "member" tree with the object value. Usefull for Variant and array
            </summary>
            <param name="ObjToSend">Object to send</param>
            <param name="sendPrivate">Send Private fields (default is false)</param>
        </member>
        <member name="M:TraceTool.TraceNodeEx.AddValue(System.Object,System.Boolean,System.Int32)">
            <summary>
            Call AddValue to fill the "member" tree with the object value. Usefull for Variant and array
            </summary>
            <param name="ObjToSend">Object to send</param>
            <param name="sendPrivate">Send Private fields (default is false)</param>
            <param name="maxLevel">Max level to inspect (default is 3)</param>
        </member>
        <member name="M:TraceTool.TraceNodeEx.AddValue(System.Object,System.Boolean,System.Int32,System.String)">
            <summary>
            Call AddValue to fill the "member" tree with the object value. Usefull for Variant and array
            </summary>
            <param name="ObjToSend">Object to send</param>
            <param name="sendPrivate">Send Private fields (default is false)</param>
            <param name="maxLevel">Max level to inspect (default is 3)</param>
            <param name="objTitle">Title of the object</param>
        </member>
        <member name="M:TraceTool.TraceNodeEx.AddType(System.Type)">
            <summary>
            Call AddType to fill the "member" tree with the object type
            </summary>
            <param name="typeToSend">Object type to send</param>
        </member>
        <member name="M:TraceTool.TraceNodeEx.AddType(System.Type,TraceTool.TraceDisplayFlags)">
            <summary>
            Call AddType to fill the "member" tree with the object type
            </summary>
            <param name="typeToSend">Object type to send</param>
            <param name="flags">determine what infrmation to send</param>
        </member>
        <member name="M:TraceTool.TraceNodeEx.AddDump(System.String,System.Byte[],System.Int32)">
            <summary>
            Add byte dump to the Members
            </summary>
            <param name="ShortTitle">Tite to display in the first col</param>
            <param name="adr">Pointer to the buffer to dump</param>
            <param name="count">Number of byte to dump</param>
        </member>
        <member name="M:TraceTool.TraceNodeEx.AddFontDetail(System.Int32,System.Boolean)">
            <summary>
            Change font detail for an item in the trace
            </summary>
            <param name="ColId">Column index : Icon=0, Time=1, thread=2, left msg=3, right msg =4 or user defined column</param>
            <param name="Bold">Change font to bold</param>
            <returns>The TraceNodeEx</returns>
        </member>
        <member name="M:TraceTool.TraceNodeEx.AddFontDetail(System.Int32,System.Boolean,System.Boolean)">
            <summary>
            Change font detail for an item in the trace
            </summary>
            <param name="ColId">Column index : Icon=0, Time=1, thread=2, left msg=3, right msg =4 or user defined column</param>
            <param name="Bold">Change font to bold</param>
            <param name="Italic">Change font to Italic</param>
            <returns>The TraceNodeEx</returns>
        </member>
        <member name="M:TraceTool.TraceNodeEx.AddFontDetail(System.Int32,System.Boolean,System.Boolean,System.Int32)">
            <summary>
            Change font detail for an item in the trace
            </summary>
            <param name="ColId">Column index : Icon=0, Time=1, thread=2, left msg=3, right msg =4 or user defined column</param>
            <param name="Bold">Change font to bold</param>
            <param name="Italic">Change font to Italic</param>
            <param name="Color">Change Color. To reduce the number assembly reference, the Color structure is not used. Use YourColor.ToArgb() instead. Use -1 to keep default color</param>
            <returns>The TraceNodeEx</returns>
        </member>
        <member name="M:TraceTool.TraceNodeEx.AddFontDetail(System.Int32,System.Boolean,System.Boolean,System.Int32,System.Int32)">
            <summary>
            Change font detail for an item in the trace
            </summary>
            <param name="ColId">Column index : Icon=0, Time=1, thread=2, left msg=3, right msg =4 or user defined column</param>
            <param name="Bold">Change font to bold</param>
            <param name="Italic">Change font to Italic</param>
            <param name="Color">Change Color. To reduce the number assembly reference, the Color structure is not used. Use YourColor.ToArgb() instead. Use -1 to keep default color</param>
            <param name="Size">Change font size, use zero to keep normal size</param>
            <returns>The TraceNodeEx</returns>
        </member>
        <member name="M:TraceTool.TraceNodeEx.AddFontDetail(System.Int32,System.Boolean,System.Boolean,System.Int32,System.Int32,System.String)">
            <summary>
            Change font detail for an item in the trace
            </summary>
            <param name="ColId">Column index : Icon=0, Time=1, thread=2, left msg=3, right msg =4 or user defined column</param>
            <param name="Bold">Change font to bold</param>
            <param name="Italic">Change font to Italic</param>
            <param name="Color">Change Color. To reduce the number assembly reference, the Color structure is not used. Use YourColor.ToArgb() instead. Use -1 to keep default color</param>
            <param name="Size">Change font size, use zero to keep normal size</param>
            <param name="FontName">Change font name</param>
            <returns>The TraceNodeEx</returns>
        </member>
        <member name="M:TraceTool.TraceNodeEx.AddStackTrace(System.Int32)">
            <summary>
            Add the stack frame to the Members.
            <param name="level">Number of call to skip</param>
            </summary>
        </member>
        <member name="M:TraceTool.TraceNodeEx.AddStackTrace">
            <summary>
            Add the stack frame to the Members. 
            </summary>
        </member>
        <member name="M:TraceTool.TraceNodeEx.AddCaller(System.Int32)">
            <summary>
            Add the caller frame to the Members. level is the number of call to skip. 
            <param name="level">Level 0 is self</param>
            </summary>
        </member>
        <member name="M:TraceTool.TraceNodeEx.AddCaller">
            <summary>
            Add the caller frame to the Members. Level 0 is self
            </summary>
        </member>
        <member name="M:TraceTool.TraceNodeEx.Send">
            <summary>
            Send the trace to the server (left + right + members)
            </summary>
        </member>
        <member name="M:TraceTool.TraceNodeEx.Resend">
            <summary>
            Resend the trace to the server (only left and right message)
            </summary>
        </member>
        <member name="P:TraceTool.TraceNodeEx.IconIndex">
            <summary>
            The Index of the icon to use
            </summary>
        </member>
        <member name="T:TraceTool.TTrace">
            <summary>
            TTrace is the entry point for all traces.
            TTrace give 3 'TraceNode' doors : Warning , Error and Debug.
            Theses 3 doors are displayed with a special icon (all of them have the 'enabled' property set to true.
            That class is fully static.
            </summary>
        </member>
        <member name="F:TraceTool.TTrace.Options">
            TTrace Options (socket, show functions, ...)
        </member>
        <member name="M:TraceTool.TTrace.Show(System.Boolean)">
            Show or hide the trace program
        </member>
        <member name="M:TraceTool.TTrace.ClearAll">
            Clear all traces
        </member>
        <member name="M:TraceTool.TTrace.CloseSocket">
            Close the socket
            Tips : Socket is automatically closed when destroyed. No need to create destructor
        </member>
        <member name="M:TraceTool.TTrace.Flush">
            flush remaining traces to the viewer
        </member>
        <member name="F:TraceTool.TTrace.s_lastTimeToTheSecond">
            Last stored time with precision up to the second.
        </member>
        <member name="F:TraceTool.TTrace.s_lastTime">
            Last stored time with precision up to the second, formatted as a string.
        </member>
        <member name="M:TraceTool.TTrace.FormatDateWithoutMillis(System.DateTime,System.Text.StringBuilder)">
            <summary>
            Renders the date into a string. Format is "HH:mm:ss".
            </summary>
            <remarks>
            Sub classes should override this method to render the date
            into a string using a precision up to the second. This method
            will be called at most once per second and the result will be
            reused if it is needed again during the same second.
            </remarks>
            <param name="dateToFormat">The date to render into a string.</param>
            <param name="buffer">The string builder to write to.</param>
        </member>
        <member name="M:TraceTool.TTrace.FormatDate(System.DateTime)">
            <summary>
            Renders the date into a string. Format is "HH:mm:ss,SSS".
            </summary>
            <remarks>
            <para>Uses the FormatDateWithoutMillis() method to generate the
            time string up to the seconds and then appends the current
            milliseconds. The results from FormatDateWithoutMillis() are
            cached and FormatDateWithoutMillis() is called at most once
            per second.</para>
            <para>Sub classes should override FormatDateWithoutMillis()
            rather than FormatDate().</para>
            </remarks>
            <param name="dateToFormat">The date to render into a string.</param>
            <returns>The stringbuilder passed.</returns>
        </member>
        <member name="P:TraceTool.TTrace.TraceCount">
            The number of traces put in the waiting message list (not means sent!) 
        </member>
        <member name="P:TraceTool.TTrace.WinTrace">
            <summary>
            The windows where is stored the main tree (read only)
            </summary>
        </member>
        <member name="P:TraceTool.TTrace.Watches">
            <summary>
            The main watches window
            </summary>
        </member>
        <member name="P:TraceTool.TTrace.Warning">
            <summary>
            Shortcut to WinTrace.Warning
            </summary>
        </member>
        <member name="P:TraceTool.TTrace.Error">
            <summary>
            Shortcut to WinTrace.Error
            </summary>
        </member>
        <member name="P:TraceTool.TTrace.Debug">
            <summary>
            Shortcut to WinTrace.Debug
            </summary>
        </member>
        <member name="T:TraceTool.TTraceOptions">
            <summary>
            Options for the traces.
            </summary>
        </member>
        <member name="F:TraceTool.TTraceOptions.SendMode">
            Change SendMode to Mode.Socket to use it under ASP
        </member>
        <member name="F:TraceTool.TTraceOptions.SocketHost">
            The Socket Host adress
        </member>
        <member name="F:TraceTool.TTraceOptions.SocketPort">
            The socket port
        </member>
        <member name="F:TraceTool.TTraceOptions.SendFunctions">
            indicate if the reflection should display functions
        </member>
        <member name="F:TraceTool.TTraceOptions.SendInherited">
            indicate if the reflections should display inherited members
        </member>
        <member name="F:TraceTool.TTraceOptions.SendEvents">
            indicate if the reflections should display the events
        </member>
        <member name="F:TraceTool.TTraceOptions.SendPrivate">
            indicate if the reflection should also display private members. Default is false 
        </member>
        <member name="F:TraceTool.TTraceOptions.ObjectTreeDepth">
            Max Object tree depth for sendValue and Watches 
        </member>
        <member name="F:TraceTool.TTraceOptions.SendProcessName">
            indicate if the process name must be send. Displayed on the status bar.
        </member>
        <member name="T:TraceTool.ConfigSectionHandler">
            <summary>
            configure tracetool using app.config
            </summary>
        </member>
        <member name="M:TraceTool.ConfigSectionHandler.Create(System.Object,System.Object,System.Xml.XmlNode)">
            <summary>
            The returned object is added to the configuration collection and is accessed 
            by System.Configuration.ConfigurationSettings.GetConfig(System.String)
            </summary>
            <param name="parent"></param>
            <param name="configContext"></param>
            <param name="section"></param>
            <returns></returns>
        </member>
        <member name="T:TraceTool.ReflectionHelper">
            <summary>
            Helper for reflection.
            </summary>
        </member>
        <member name="M:TraceTool.ReflectionHelper.Type2ShortString(System.Type)">
            <summary>
            return the name of the type or element type if reference
            </summary>
        </member>
        <member name="M:TraceTool.ReflectionHelper.ArrayBounds(System.Array)">
            <summary>
            return the list of bounds : 1..2, 0..3 , 1..1
            </summary>
        </member>
        <member name="M:TraceTool.ReflectionHelper.Type2String(System.Type,System.String@,System.String@)">
            <summary>
            return the modifiers and the name of a type
            </summary>
        </member>
        <member name="M:TraceTool.ReflectionHelper.Constructor2String(System.Reflection.ConstructorInfo,System.String@,System.String@)">
            <summary>
            return the modifiers and the name of a constructor (similar to a method)
            </summary>
        </member>
        <member name="M:TraceTool.ReflectionHelper.getFieldModifier(System.Reflection.FieldInfo)">
            <summary>
            return the modifiers of a field
            </summary>
        </member>
        <member name="M:TraceTool.ReflectionHelper.Field2String(System.Reflection.FieldInfo,System.String@,System.String@)">
            <summary>
            return the modifiers and the name of a field
            </summary>
        </member>
        <member name="M:TraceTool.ReflectionHelper.Property2String(System.Reflection.PropertyInfo,System.String@,System.String@,System.String@,System.Boolean@)">
            <summary>
            return the modifiers and the name of a property
            </summary>
        </member>
        <member name="M:TraceTool.ReflectionHelper.event2String(System.Reflection.EventInfo,System.String@,System.String@)">
            <summary>
            return the modifiers and the name of an event
            </summary>
        </member>
        <member name="M:TraceTool.ReflectionHelper.Method2String(System.Reflection.MethodInfo,System.String@,System.String@)">
            <summary>
            Give the modifiers and the name of a method
            if the method is an operator, the method return true
            </summary>
        </member>
        <member name="M:TraceTool.ReflectionHelper.Method2StringModifier(System.Reflection.MethodBase)">
            <summary>
            return the modifier (private,...) of a method (without the method type and name)
            called by Property2String,Constructor2String and Method2String
            </summary>
        </member>
        <member name="M:TraceTool.ReflectionHelper.MethodParams2String(System.Reflection.MethodBase)">
            <summary>
            return the parameters name and type of a method
            </summary>
        </member>
        <member name="M:TraceTool.ReflectionHelper.MethodParamsType2String(System.Reflection.MethodBase)">
            <summary>
            return the parameters type of a method , usefull to retreive XML documentation for a method
            parenthesis are included only if parameters exists
            </summary>
        </member>
        <member name="M:TraceTool.ReflectionHelper.PropertyParamsType2String(System.Reflection.PropertyInfo)">
            <summary>
            return the parameters type of a property , usefull to retreive XML documentation for a property
            parenthesis are included only if parameters exists
            </summary>
        </member>
        <member name="M:TraceTool.ReflectionHelper.IsDefaultMember(System.Type,System.Reflection.MemberInfo)">
            <summary>
            indicate if the member is one of the "default" member.
            I don't know how to specify 2 "default", but ...
            </summary>
        </member>
        <member name="M:TraceTool.ReflectionHelper.IsArray(System.Type)">
            <summary>
            indicate if the type is an aray.
            </summary>
        </member>
        <member name="M:TraceTool.ReflectionHelper.IsDelegate(System.Type)">
            <summary>
            indicate if the type is a delegate.
            </summary>
        </member>
        <member name="M:TraceTool.ReflectionHelper.AssemblyDocumentationFileName(System.Type)">
            <summary>
            return the name of the XML assembly documentation file for a type.Empty string if not found
            </summary>
        </member>
        <member name="T:TraceTool.TMemberNode">
            <summary>
            TMemberNode represent a node inside the right object tree
            </summary>
        </member>
        <member name="F:TraceTool.TMemberNode.Col1">
            <summary>
            The 3 columns to display
            </summary>
        </member>
        <member name="F:TraceTool.TMemberNode.Col2">
            <summary>
            The 3 columns to display
            </summary>
        </member>
        <member name="F:TraceTool.TMemberNode.Col3">
            <summary>
            The 3 columns to display
            </summary>
        </member>
        <member name="F:TraceTool.TMemberNode.Members">
            <summary>
            an array of sub members (TMemberNode)
            </summary>
        </member>
        <member name="F:TraceTool.TMemberNode.Tag">
            <summary>
             User defined tag, NOT SEND to the viewer
            </summary>
        </member>
        <member name="M:TraceTool.TMemberNode.#ctor">
            <summary>
            Create a TMemberNode with no text in the 3 columns
            </summary>
        </member>
        <member name="M:TraceTool.TMemberNode.#ctor(System.String)">
            <summary>
            Create a TMemberNode with a text for the first column
            </summary>
            <param name="col1">text of col1</param>
        </member>
        <member name="M:TraceTool.TMemberNode.#ctor(System.String,System.String)">
            <summary>
            Create a TMemberNode with text for the first 2 columns
            </summary>
            <param name="col1">text of col1</param>
            <param name="col2">text of col2</param>
        </member>
        <member name="M:TraceTool.TMemberNode.#ctor(System.String,System.String,System.String)">
            <summary>
            Create a TMemberNode with text for the 3 columns
            </summary>
            <param name="col1">text of col1</param>
            <param name="col2">text of col2</param>
            <param name="col3">text of col3</param>
        </member>
        <member name="M:TraceTool.TMemberNode.Add(TraceTool.TMemberNode)">
            <summary>
            Add a member to the members list
            </summary>
            <param name="member"></param>
            <returns>the TMember node to add</returns>
        </member>
        <member name="M:TraceTool.TMemberNode.Add(System.String)">
            <summary>
            Create a TMemberNode with a text for the first column
            </summary>
            <param name="col1">text of first col</param>
            <returns></returns>
        </member>
        <member name="M:TraceTool.TMemberNode.Add(System.String,System.String)">
            <summary>
            Create a TMemberNode with text for the first 2 columns
            </summary>
            <param name="col1">text of first col</param>
            <param name="col2">text of second col</param>
            <returns></returns>
        </member>
        <member name="M:TraceTool.TMemberNode.Add(System.String,System.String,System.String)">
            <summary>
            Create a TMemberNode with text for the 3 columns
            </summary>
            <param name="col1">text of first col</param>
            <param name="col2">text of second col</param>
            <param name="col3">text of third col</param>
            <returns></returns>
        </member>
        <member name="M:TraceTool.TMemberNode.SetFontDetail(System.Int32,System.Boolean)">
            <summary>
            Change font detail for an item in the trace
            </summary>
            <param name="ColId">Column index : Col1=0, Col2=1, Col3=2</param>
            <param name="Bold">Change font to bold</param>
            <returns></returns>
        </member>
        <member name="M:TraceTool.TMemberNode.SetFontDetail(System.Int32,System.Boolean,System.Boolean)">
            <summary>
            Change font detail for an item in the trace
            </summary>
            <param name="ColId">Column index : Col1=0, Col2=1, Col3=2</param>
            <param name="Bold">Change font to bold</param>
            <param name="Italic">Change font to Italic</param>
            <returns></returns>
        </member>
        <member name="M:TraceTool.TMemberNode.SetFontDetail(System.Int32,System.Boolean,System.Boolean,System.Int32)">
            <summary>
            Change font detail for an item in the trace
            </summary>
            <param name="ColId">Column index : Col1=0, Col2=1, Col3=2</param>
            <param name="Bold">Change font to bold</param>
            <param name="Italic">Change font to Italic</param>
            <param name="Color">Change Color. To reduce the number assembly reference, the Color structure is not used. Use YourColor.ToArgb() instead. </param>
            <returns></returns>
        </member>
        <member name="M:TraceTool.TMemberNode.SetFontDetail(System.Int32,System.Boolean,System.Boolean,System.Int32,System.Int32)">
            <summary>
            Change font detail for an item in the trace
            </summary>
            <param name="ColId">Column index : Col1=0, Col2=1, Col3=2</param>
            <param name="Bold">Change font to bold</param>
            <param name="Italic">Change font to Italic</param>
            <param name="Color">Change Color. To reduce the number assembly reference, the Color structure is not used. Use YourColor.ToArgb() instead. Use -1 to keep default color</param>
            <param name="Size">Change font size</param>
            <returns></returns>
        </member>
        <member name="M:TraceTool.TMemberNode.SetFontDetail(System.Int32,System.Boolean,System.Boolean,System.Int32,System.Int32,System.String)">
            <summary>
            Change font detail for an item in the trace
            </summary>
            <param name="ColId">Column index : Col1=0, Col2=1, Col3=2</param>
            <param name="Bold">Change font to bold</param>
            <param name="Italic">Change font to Italic</param>
            <param name="Color">Change Color. To reduce the number assembly reference, the Color structure is not used. Use YourColor.ToArgb() instead. Use -1 to keep default color</param>
            <param name="Size">Change font size, use zero to keep normal size</param>
            <param name="FontName">Change font name</param>
            <returns></returns>
        </member>
        <member name="M:TraceTool.TMemberNode.AddToStringList(System.Collections.ArrayList)">
            recursively add members to the node CommandList
        </member>
    </members>
</doc>
