<?xml version="1.0"?>
<doc>
    <assembly>
        <name>TraceToolEventSink</name>
    </assembly>
    <members>
        <member name="T:TraceTool.TraceToolEventSink">
            <summary>
            EIF event sink for TraceTool. 
            EIF send traces to event sink instance declared in the EnterpriseInstrumentation.config file.
            See microsoft EIF documentation to create that file.
            </summary>
            <example>
            The following XML eventSink element is taken from the EnterpriseInstrumentation.config file.
            The event sink point to the TraceTool.EIFEventSink class (assembly is TraceToolEventSink.dll)
            <![CDATA[
            <eventSink name="TraceToolSink" description="Outputs events to the tracetool API." 
               type="TraceTool.EIFEventSink, TraceToolEventSink, Version=9.0, Culture=neutral, PublicKeyToken=35bb89f90be2164b">
               <parameter name="RemoteHost" value="LocalHost" />
               <parameter name="RemotePort" value="8090" />
               <parameter name="WinTraceId" value="EIF" />
               <parameter name="WinTraceTitle" value="Microsoft EIF demo" />
               <parameter name="ImmediateFlush" value="true" />
               <parameter name="SendMode" value="WinMsg" /> 		
            </eventSink>
            ]]>
            </example>
        </member>
        <member name="F:TraceTool.TraceToolEventSink.log4WinTrace">
            target tabsheet 
        </member>
        <member name="F:TraceTool.TraceToolEventSink.winTraceId">
            Wintrace ID  
        </member>
        <member name="F:TraceTool.TraceToolEventSink.winTraceTitle">
            Wintrace title  
        </member>
        <member name="F:TraceTool.TraceToolEventSink.immediateFlush">
            Immediate flush means that the traces will be flushed at the end of each append operation.  
        </member>
        <member name="F:TraceTool.TraceToolEventSink.logFileName">
            Log file name 
        </member>
        <member name="F:TraceTool.TraceToolEventSink.logMode">
            Log file type 
        </member>
        <member name="M:TraceTool.TraceToolEventSink.#ctor(System.Collections.IDictionary,Microsoft.EnterpriseInstrumentation.EventSource)">
            <summary>
            Initialize the tracetool EventSink using suplied parameters.
            </summary>
            <param name="parameters">Parameters for the Event=sink (see eif config file)</param>
            <param name="eventSource">event Source</param>
        </member>
        <member name="M:TraceTool.TraceToolEventSink.Write(System.Object)">
            <summary>
            write event. Not called if the eventsink implement IEventContainerSink
            </summary>
            <param name="eventToRaise"></param>
        </member>
        <member name="M:TraceTool.TraceToolEventSink.Write(Microsoft.EnterpriseInstrumentation.Serialization.EventContainer)">
            <summary>
            write the event to tracetool
            </summary>
            <param name="eventContainer"></param>
        </member>
        <member name="M:TraceTool.TraceToolEventSink.Dispose(System.Boolean)">
            <summary>
            Dispose of resources.
            </summary>
            <param name="disposing"></param>
        </member>
    </members>
</doc>
