<?xml version="1.0" encoding="UTF-8"?><?xml-stylesheet type='text/xsl' href='_UpgradeReport_Files/UpgradeReport.xslt'?><UpgradeLog>
<Properties><Property Name="Solution" Value="Vs8 Windows TraceTool Dot net Library and Demos">
</Property><Property Name="Solution File" Value="D:\TraceTool\DotNet\VS2005\Windows\Vs8 Windows TraceTool Dot net Library and Demos.sln">
</Property><Property Name="Date" Value="dimanche 15 juillet 2007">
</Property><Property Name="Time" Value="16:08:57">
</Property></Properties><Event ErrorLevel="1" Project="D:\TraceTool\DotNet\VS2005\Windows\CSharp Plugin\CSharpPlugin.csproj" Source="CSharp Plugin\CSharpPlugin.csproj" Description="MSB2014: The project-to-project reference with GUID {6D631328-1E23-42C3-84E5-692BBA79821C} cannot be converted because it is not listed in the file 'D:\TraceTool\DotNet\VS2005\Windows\Vs8 Windows TraceTool Dot net Library and Demos.sln'.">
</Event><Event ErrorLevel="0" Project="CSharpPlugin" Source="CSharp Plugin\CSharpPlugin.csproj" Description="Project converted successfully">
</Event><Event ErrorLevel="3" Project="CSharpPlugin" Source="CSharp Plugin\CSharpPlugin.csproj" Description="Converted">
</Event><Event ErrorLevel="0" Project="CSharpPlugin" Source="CSharp Plugin\CSharpPlugin.csproj" Description="Scan complete: Upgrade not required for project files.">
</Event></UpgradeLog>