<ca_project name="Compare" path="C:\Documents and Settings\user\My Documents\Compare Advance\Compare" del_empty="-1" recycle="-1"><folders><folder1 source="0" folder="0" path="C:\Compare" label="" date="911680129" archive_path="" exc-arc="0" inc-arc="0" inc-rootfiles="-1"><inc-folders/></folder1><folder2 source="0" folder="1" path="E:\Compare" label="" date="911680130" archive_path="" exc-arc="0" inc-arc="0" inc-rootfiles="-1"><inc-folders/></folder2></folders><filter filename="" mode="1"><load><inc-file/><exc-file/><inc-folder/><exc-folder/><size larger="0" smaller="0"/><date before="1899/12/30" after="1899/12/30"/></load><archive><inc-file/><exc-file/><inc-folder/><exc-folder/><size larger="0" smaller="0"/><date before="1899/12/30" after="1899/12/30"/></archive><view><inc-file/><exc-file/><inc-folder/><exc-folder/><size larger="0" smaller="0"/><date before="1899/12/30" after="1899/12/30"/></view></filter><compare binary="0" include_subfolders="-1" common_source="0" time_difference="2"><source type="1" folder="5" date="1" size="0"/></compare><sync sync_type="2" folder1="1" folder2="0" inc_common="0" common_source="0" modified="0" use_other="0"><other_loc source="0" folder="0" path="" label="" date="0" archive_path="" exc-arc="0" inc-arc="0" inc-rootfiles="-1"><inc-folders/></other_loc></sync><log autosave="-1" path="C:\Documents and Settings\user\My Documents\Compare Advance\Compare\Log"/></ca_project>
