<?xml version="1.0"?>
<doc>
    <assembly>
        <name>Log4NetAppender</name>
    </assembly>
    <members>
        <member name="T:TraceTool.Log4NetAppender">
            <summary>
            Appender for the Log4J library.
            See the log4J.properties file for sample configuration file
            </summary>
        </member>
        <member name="F:TraceTool.Log4NetAppender.log4WinTrace">
            target tabsheet 
        </member>
        <member name="F:TraceTool.Log4NetAppender.winTraceId">
            Wintrace ID  
        </member>
        <member name="F:TraceTool.Log4NetAppender.winTraceTitle">
            Wintrace title  
        </member>
        <member name="F:TraceTool.Log4NetAppender.immediateFlush">
            Immediate flush means that the traces will be flushed at the end of each append operation.  
        </member>
        <member name="F:TraceTool.Log4NetAppender.sendLocationInfo">
            send log4j Location Information (filename,method and line number).   
        </member>
        <member name="F:TraceTool.Log4NetAppender.titleLayout">
            multicolumn Title to display  
        </member>
        <member name="F:TraceTool.Log4NetAppender.sendPrivateObjectInfo">
            When Object value is send, Private fields can be filtered 
        </member>
        <member name="F:TraceTool.Log4NetAppender.logFileName">
            Log file name 
        </member>
        <member name="F:TraceTool.Log4NetAppender.logMode">
            Log file type 
        </member>
        <member name="M:TraceTool.Log4NetAppender.#ctor">
            <summary>
            Initializes a new instance of the <see cref="T:TraceTool.Log4NetAppender"/>.
            </summary>
        </member>
        <member name="M:TraceTool.Log4NetAppender.#ctor(log4net.Layout.ILayout)">
            <summary>
            Initializes a new instance of the <see cref="T:TraceTool.Log4NetAppender"/> 
            with a specified layout.
            </summary>
            <param name="layout">The layout to use with this appender.</param>
        </member>
        <member name="M:TraceTool.Log4NetAppender.Append(log4net.Core.LoggingEvent)">
            <summary>
            Writes the logging event to the TraceTool system.
            </summary>
            <param name="loggingEvent">The event to log.</param>
        </member>
        <member name="P:TraceTool.Log4NetAppender.ImmediateFlush">
            <summary>
            Gets or sets a value that indicates whether the appender will 
            flush at the end of each write.
            </summary>
            <remarks>
            <para>The default behaviour is to flish at the end of each 
            write. If the option is set to<c>false</c>, then the underlying 
            stream can defer writing to physical medium to a later time. 
            </para>
            <para>
            Avoiding the flush operation at the end of each append results 
            in a performance gain of 10 to 20 percent. However, there is safety
            trade-off involved in skipping flushing. Indeed, when flushing is
            skipped, then it is likely that the last few log events will not
            be recorded on disk when the application exits. This is a high
            price to pay even for a 20% performance gain.
            </para>
            </remarks>
        </member>
        <member name="P:TraceTool.Log4NetAppender.SendLocationInfo">
            <summary>
            send log4j Location Information (filename,method and line number). Default is false.
            </summary>
        </member>
        <member name="P:TraceTool.Log4NetAppender.SendPrivateObjectInfo">
            <summary>
            When Object value is send, Private fields can be filtered
            </summary>
        </member>
        <member name="P:TraceTool.Log4NetAppender.SendMode">
            <summary>
            Define the transport type : windows message or socket
            </summary>
        </member>
        <member name="P:TraceTool.Log4NetAppender.RemoteHost">
            <summary>
            Define the target viewer IP. Default is localhost (127.0.0.1)
            </summary>
        </member>
        <member name="P:TraceTool.Log4NetAppender.RemotePort">
            <summary>
            Define the target viewer port. Default is 8090 
            </summary>
        </member>
        <member name="P:TraceTool.Log4NetAppender.TitleLayout">
            <summary>
            multicolumn Title to display 
            </summary>
        </member>
        <member name="P:TraceTool.Log4NetAppender.WinTraceId">
            <summary>
            Wintrace ID
            </summary>
        </member>
        <member name="P:TraceTool.Log4NetAppender.WinTraceTitle">
            <summary>
            Wintrace title
            </summary>
        </member>
        <member name="P:TraceTool.Log4NetAppender.LogFile">
            <summary>
            Wintrace title
            </summary>
        </member>
        <member name="P:TraceTool.Log4NetAppender.RequiresLayout">
            <summary>
            This appender requires a Layout> to be set.
            </summary>
            <value><c>true</c></value>
        </member>
    </members>
</doc>
